"figure","item","ipl_num","part_number","name_ocr","source_page","source_y"
"10","1","10-1","190-70453-401","NLG SHOCK STRUT, ASSY","f10-p00.png","645"
"10","1B","10-1B","190-70453-601","NLG swock STRUT, ASSY","f10-p00.png","1395"
"10","10","10-10","190-70453-609","NLG SHOCK STRUT, ASSY","f10-p01.png","601"
"10","1K","10-1K","190-70453-411","NLG SHOCK STRUT, ASSY","f10-p01.png","1986"
"10","30C","10-30C","190-70500-405","MAIN FITTING ASSY","f10-p02.png","574"
"10","35A","10-35A","190-70455-003","MAIN FITTING","f10-p02.png","876"
"10","37","10-37","190-70748-301","BUSHING","f10-p02.png","1000"
"10","38","10-38","170-70177-301","BUSHING","f10-p02.png","1141"
"10","40","10-40","190-70512-001","BUSHING, PIN RIGHT","f10-p02.png","1282"
"10","41","10-41","190-70512-301","mjäl-jlÅG, PINTLE PIN RIGHT","f10-p02.png","1473"
"10","41A","10-41A","190-70512-303","I*BUSHING, PINTLE PIN RIGHT","f10-p02.png","1632"
"10","50","10-50","170-70514-001","BUSHING, PINTLE PIN LEFT","f10-p02.png","1756"
"10","51","10-51","170-70514-60F","BUSHING, PINTLE PIN LEFT","f10-p02.png","1947"
"10","100","10-100","170170502-1003","30, 30A","f10-p03.png","2277"
"10","71A","10-71A","170-70515-303","BUSHING, FRONT DOOR","f10-p03.png","622"
"10","80","10-80","170-70516-001","BUSHING, FRONT DOOR","f10-p03.png","747"
"10","81","10-81","170-70516-301","BUSHING, FRONT DOOR","f10-p03.png","937"
"10","81A","10-81A","170-70516-303","BUSHING, FRONT DOOR","f10-p03.png","1098"
"10","90","10-90","MF1037H7B026","30, 30A","f10-p03.png","1222"
"10","90A","10-90A","170-70747-001","BUSHING","f10-p03.png","1480"
"10","91","10-91","MF1037H7B026R","30, 30A","f10-p03.png","1704"
"10","91A","10-91A","170-70747-301","BUSHING","f10-p03.png","1963"
"10","91B","10-91B","170-70747-3630","30BC","f10-p03.png","2136"
"10","101B","10-101B","170-70502-307","BUSHING","f10-p04.png","796"
"10","110","10-110","170-70449-001","BUSHING","f10-p04.png","919"
"10","111","10-111","170-70449-301","BIUéålNG' [z","f10-p04.png","1420"
"10","111B","10-111B","170-70449-305","BUSHING","f10-p04.png","1803"
"10","120","10-120","KRJ8UDSBO.12J","BUSHING, SELF-LUBRICATING","f10-p04.png","1926"
"10","10","10-10","170-70505-001","BUSHING","f10-p05.png","589"
"10","160","10-160","MF1016H7M025","'BIJSÅING","f10-p05.png","1680"
"10","161A","10-161A","170-70176-301","BUSHING","f10-p05.png","2011"
"10","191","10-191","190-70479-301","SLEEVE","f10-p06.png","606"
"10","200","10-200","190-70637-001","SLEEVE, SHOCK ABSORBER","f10-p06.png","730"
"10","201","10-201","190-70637-301","SLEEVE, SHOCK ABSORBER?","f10-p06.png","889"
"10","210","10-210","MS21209F6-25","INSERT, HELICAL cob(","f10-p06.png","1012"
"10","220","10-220","MS21209F4-15","INSERT, HELICAL,CÖiLEÄ","f10-p06.png","1104"
"10","240","10-240","MS15001-1","","f10-p06.png","1287"
"10","260","10-260","MS20995C32","WIRE, LOCK","f10-p06.png","1761"
"10","265","10-265","PNE104001-002","WAX, HEAT SHRINKABLE","f10-p06.png","1870"
"10","270","10-270","190-705063001","SCREW* SET","f10-p06.png","1995"
"10","319","10-319","17640476-001","RACK","f10-p06.png","2361"
"10","330","10-330","190-70439-001","SCREW, SET","f10-p06.png","2886"
"10","3FOA","10-3FOA","170-70476-901","RACK","f10-p06.png","2569"
"10","10","10-10","340170-70434-003","WASHER, LOCK","f10-p07.png","603"
"10","340","10-340","170-70434-003","WASHER, LOCK","f10-p07.png","603"
"10","350","10-350","MS15001-1","FITTIN@ LUBRICATION","f10-p07.png","694"
"10","350A","10-350A","AS15001-1P","FITTING, LUBRICATION","f10-p07.png","904"
"10","360","10-360","190-70507-001","SCREW, SET","f10-p07.png","1029"
"10","370","10-370","170-70434-003","WASHER, LOCK","f10-p07.png","1120"
"10","380","10-380","MS20995C32","WIRE, LOCK","f10-p07.png","1210"
"10","385","10-385","PNE104001-002","WAX, HEAT SHRINKABI-É","f10-p07.png","1303"
"10","390","10-390","190-70635-401","VALVE, OHAN6éÖVER","f10-p07.png","1444"
"10","400","10-400","M83461-1-008","PAQKING( é\éFORMED","f10-p07.png","1536"
"10","410","10-410","MS27595-008","R*lNGhBACK-UP","f10-p07.png","1677"
"10","420","10-420","190-70646-401","SUPPORT ASSY, STEER\NG NLG","f10-p07.png","1768"
"10","425","10-425","190-70474-001","SUPPORT , STEERING NLG","f10-p07.png","1878"
"10","430","10-430","170-70647-001","BUSHING, CHANGE OVER","f10-p07.png","2001"
"10","431","10-431","170-70647-","BUSHING, CHANGE OVER","f10-p07.png","2160"
"10","460","10-460","MS21318-8","SCREW, ROUND HEAD","f10-p07.png","2559"
"10","470","10-470","170-70732-901","DECAL, LANDING GEAR","f10-p07.png","2742"
"10","480","10-480","P2301-444S043","SCRAPER","f10-p07.png","2833"
"10","490","10-490","190-70540-401","STEERING MOTOR ASSY","f10-p08.png","573"
"10","490A","10-490A","190-70540-403","STEERING MOTOR ASSY","f10-p08.png","765"
"10","492","10-492","190-70478-001","CUFF, STEERING","f10-p08.png","906"
"10","494","10-494","170-70475-001","PINION","f10-p08.png","1047"
"10","494A","10-494A","170-70475-901","ANION","f10-p08.png","1239"
"10","495","10-495","170-70477-001","GÉARGEEDBACK","f10-p08.png","1429"
"10","495A","10-495A","170-70477-901","•AR, FEEDBACK","f10-p08.png","1590"
"10","496","10-496","170-70537-001","PIN, STEERING CUFF","f10-p08.png","1713"
"10","496A","10-496A","170-70537-301","PIN, STEERING CUFF","f10-p08.png","1872"
"10","520","10-520","MF1025H7M017","BUSHING","f10-p08.png","2563"
"10","521","10-521","MF1025H7M017R","BUSHING","f10-p08.png","2772"
"10","521A","10-521A","190-70566-301","BUSHING","f10-p08.png","2913"
"10","530","10-530","190-70509-003","BUSHING, LOCK","f10-p09.png","604"
"10","531","10-531","190-70509-303","BUSHING, LOCK","f10-p09.png","814"
"10","531A","10-531A","190-70509805","BUSHING, LOCK","f10-p09.png","937"
"10","540","10-540","MS24665-132","PIN, COTTER","f10-p09.png","1171"
"10","540A","10-540A","MS24665-69","PIN,","f10-p09.png","1380"
"10","550","10-550","MS14145L3","NOT, géLF+OdKlNG,","f10-p09.png","1504"
"10","560","10-560","NAS1149F0332P","WASHEk , FLAT-STEEL","f10-p09.png","1645"
"10","570","10-570","NAS1993-11DT","SCREW , COUNTERSOUNK HEAD","f10-p09.png","1737"
"10","580","10-580","PNE104003-035","LABEL, IDENTIFICATION","f10-p09.png","1938"
"1","1","1-1","190-70450-403","NLG SHOCK STRUT EQUIPPED","f1-p00.png","643"
"1","5","1-5","190-70745-401","NLG SHOCK STRUT EQUIP#b","f1-p00.png","927"
"1","5A","1-5A","190-70745-403","NLG SHÖéKS1iRUT EQUIPPED","f1-p00.png","1335"
"1","5B","1-5B","190-70745-601","x","f1-p00.png","1576"
"1","5C","1-5C","190-70745-665","NLG SHOCK STRUT EQUIPPED","f1-p00.png","1966"
"1","5E","1-5E","190-70745-607","NLG SHOCK STRUT EQUIPPED","f1-p00.png","2533"
"1","1","1-1","5F190-70745-609","NLG SHOCK STRUT EQUIPPED","f1-p01.png","601"
"1","10","1-10","LN9264-10X250","BÖNblNG","f1-p01.png","1659"
"1","20","1-20","MS21042L4","NUT, SELF-LOCKING","f1-p01.png","1942"
"1","30","1-30","NAS1197-416LF","WASHER , FLAT-ALUMINUM","f1-p01.png","2032"
"1","30A","1-30A","NAS11G7-4","WASHER, FLAT-ALUMINUM","f1-p01.png","2242"
"1","5B","1-5B","19040745-613","NLG SHOCK STRUT EQUIPPED","f1-p01.png","1183"
"1","5F","1-5F","190-70745-609","NLG SHOCK STRUT EQUIPPED","f1-p01.png","601"
"1","5G","1-5G","190-70745-611","NLG SHOCK STRUT EQUIPPED","f1-p01.png","843"
"1","5J","1-5J","190-70745407","NLG SHOCK&StRUTÜÉQUlPPED","f1-p01.png","1375"
"1","5K","1-5K","190-70745-409","NLéSHOCKSTRUT EQUIPPED","f1-p01.png","1584"
"1","60","1-60","NAS1149F0432P","WASHER, FLAT-STEEL","f1-p01.png","2548"
"1","70","1-70","NAS1197-416L","WASHER , FLAT-ALUMINUM","f1-p01.png","2641"
"1","100","1-100","MS21919WCE7","CLAMR=ls'OOé","f1-p02.png","1312"
"1","110","1-110","170-73802-903","NÅkNess, STEERING FEEDBACK","f1-p02.png","1453"
"1","140A","1-140A","170-73804-905","HARNESS, TOWING LIGHT","f1-p02.png","2670"
"1","150","1-150","D229-14","CLAMP, BONDING","f1-p02.png","2793"
"1","80","1-80","170-98601-401","HARNESS W182, NOSE LDG GEAR","f1-p02.png","589"
"1","90","1-90","MS21919WCE2","CLAMP-LOORCT","f1-p02.png","1173"
"1","1","1-1","160D229-08","CLAMP, BONDING","f1-p03.png","606"
"1","160","1-160","D229-08","CLAMP, BONDING","f1-p03.png","606"
"1","170","1-170","MS21042-3","NIJT, SELF-LOCKING","f1-p03.png","889"
"1","180","1-180","NAS1149F0332P","WASHER, FLAT-STEEL","f1-p03.png","1030"
"1","190","1-190","AN3-4A","BOLT, HEXAGON HEAD","f1-p03.png","1171"
"1","200","1-200","D229-15","CLAMP, BONDitqé","f1-p03.png","1404"
"1","210","1-210","D229-14","CLAIvipI BOKJDING","f1-p03.png","1545"
"1","220","1-220","MS21042-3","•COT, SELF-LOCKING","f1-p03.png","1779"
"1","230","1-230","NAS1149F0332P","WASHER, FLAT-STEEL","f1-p03.png","1870"
"1","270","1-270","NAS1149F0332P","WASHER, FLAT-STEEL","f1-p03.png","2569"
"1","280","1-280","D229-15","CLAMP, BONDING","f1-p03.png","2802"
"1","290","1-290","MS21042-3","NUT, SELF-LOCKING","f1-p04.png","681"
"1","300","1-300","NAS1149F0332P","WASHER, FLAT-STEEL","f1-p04.png","772"
"1","310","1-310","AN3-4A","BOLT, HEXAGON HEAD","f1-p04.png","864"
"1","320","1-320","D229-14","CLAMP, BONDING","f1-p04.png","1045"
"1","350","1-350","D229-16","CAMP/ BONDING","f1-p04.png","1420"
"1","360","1-360","D229-11","%XCLÅMP, BONDING","f1-p04.png","1561"
"1","370","1-370","MS21042-3","NUT, SELF-LOCKING","f1-p04.png","1795"
"1","380","1-380","NAS1149F0332P","WASHER, FLAT-STEEL","f1-p04.png","1887"
"1","390","1-390","AN3-5A","BOLT, HEXAGON HEAD","f1-p04.png","1977"
"1","400","1-400","AN34AH","BOLT, HEXAGON HEAD","f1-p04.png","2068"
"1","415A","1-415A","111-00732","TIE RAP","f1-p04.png","2784"
"1","415B","1-415B","111-00732","TIE RAP","f1-p05.png","604"
"1","430","1-430","MS21042-3",", NUT, SELF-LOCKING(","f1-p05.png","1228"
"1","440","1-440","NAS1149F0332P","WASHER, FLå-STFÉL","f1-p05.png","1369"
"1","450","1-450","AN3-16A","BOLT,1kkÉXhGÖN HEAD","f1-p05.png","1510"
"1","460","1-460","MS21919WCE4","TYPE","f1-p05.png","1744"
"1","470","1-470","MS21042-3","NUT, SELF-LOCKING","f1-p05.png","1977"
"1","505","1-505","MS21919WCE7","CLAMP-LOOP, TYPE","f1-p05.png","2635"
"1","510","1-510","MS21042-3","NUT, SELF-LOCKING","f1-p05.png","2868"
"1","510A","1-510A","MS21042-3","NOT, SELF-LOCKING","f1-p06.png","588"
"1","520","1-520","NAS1149F0332P","WASHER, FLAT-STEEL","f1-p06.png","730"
"1","520A","1-520A","NAS1149F0332P","WASHER, FLAT-STEEL","f1-p06.png","871"
"1","530","1-530","AN3-5A","BOLT, HEXAGON","f1-p06.png","1012"
"1","530A","1-530A","AN3-5A","BOLT, HEXAGON;","f1-p06.png","1153"
"1","540","1-540","D229-08","Cl,Aüp, BPNDING","f1-p06.png","1387"
"1","550","1-550","MS21042-3","Étfh0UT, SELF-LOCKING","f1-p06.png","1620"
"1","560","1-560","NAS1149F0332P","WASHER, FLAT-STEEL","f1-p06.png","1711"
"1","570","1-570","AN3-4A","BOLT, HEXAGON HEAD","f1-p06.png","1803"
"1","620","1-620","AN3-4A","BOLT, HEXAGON HEAD","f1-p06.png","2727"
"1","630","1-630","NAS1149F0332P","WASHER, FLAT-STEEL","f1-p06.png","2818"
"1","1","1-1","640D229-08","CLAMP, BONDING","f1-p07.png","604"
"1","640","1-640","D229-08","CLAMP, BONDING","f1-p07.png","604"
"1","650","1-650","MS21042-3","NOT, SELF-LOCKING","f1-p07.png","838"
"1","660","1-660","NAS1149F0332P","WASHER, FLAT-STEEL","f1-p07.png","928"
"1","670","1-670","AN3-5A","BOLT, HEXAGON HEAD","f1-p07.png","1020"
"1","690","1-690","MS21042-3","SELF-LOCKING","f1-p07.png","1726"
"1","700","1-700","NAS1149F0332P","i. 'r WASHER, FLAT-STEEL","f1-p07.png","1818"
"1","710","1-710","AN3-5A","BOLT, HEXAGON HEAD","f1-p07.png","1909"
"1","720","1-720","AN3-6A","BOLT, HEXAGON HEAD","f1-p07.png","2001"
"1","780","1-780","190-70453-401","NLG SHOCK STRUT, ASSY","f1-p08.png","588"
"1","780A","1-780A","190-70453-405","NLG SHOCK STRUIl*Ä9Sh4","f1-p08.png","1096"
"1","780B","1-780B","190-70453-601","NC#14QOk STRUT, ASSY","f1-p08.png","1438"
"1","780C","1-780C","190-70453-609","NLG SHOCK STRUT, ASSY","f1-p08.png","1929"
"1","780E","1-780E","190-70453-607","NLG SHOCK STRUT, ASSY","f1-p09.png","606"
"1","780F","1-780F","190-70453-609","NLG SHOCK STRUT, ASSY (","f1-p09.png","1098"
"1","780G","1-780G","190-70453-611","NLG SHOCK*STRUf, ASSY","f1-p09.png","1438"
"1","780H","1-780H","190-70453-613","NLG SHOCK STRUT, ASSY","f1-p09.png","1879"
"1","780J","1-780J","190-704","NLG SHOCK STRUT, ASSY","f1-p09.png","2170"
"1","810","1-810","MS20995C32","WIRE, LOCK","f1-p09.png","2836"
"1","815","1-815","PNE104001-002","WAX, HEAT SHRINKABLE","f1-p09.png","2928"
"2","1","2-1","190-70450-403","NLG SHOCK STRUT EQUIPPED","f2-p00.png","648"
"2","5","2-5","190-70745-401","NLG SHOCK STRUT EQUIPPEb","f2-p00.png","931"
"2","5A","2-5A","190-70745-403","NLG SHÖCKéiRUT EQUIPPED","f2-p00.png","1338"
"2","5B","2-5B","190-70745-601","SHOCK STRUT EQUIPPED","f2-p00.png","1563"
"2","5C","2-5C","190-70745-605","NLG SHOCK STRUT EQUIPPED","f2-p00.png","1953"
"2","15","2-15","5088-21-6","[DENTIFICATION PLATE","f2-p01.png","2071"
"2","20","2-20","MS2190IJ4","ELBOW, 45 DEG.","f2-p01.png","2194"
"2","40","2-40","NAS1145C0732R","WASHER, FLAT-CRES","f2-p01.png","2469"
"2","50","2-50","170-73811-903","TUBE , RIGID-CONTROL STEERING","f2-p01.png","2653"
"2","5F","2-5F","190-70745-609","NLG SHOCK STRUT EQUIPPED","f2-p01.png","624"
"2","5G","2-5G","190-70745-611","NLG SHOCK STRUT EQUIPPED","f2-p01.png","847"
"2","5H","2-5H","190-70745-613","NLG SHOCK STRUT€QUlPéEb","f2-p01.png","1237"
"2","5J","2-5J","190-70745-407","NLGSHOCK STRUT EQUIPPED","f2-p01.png","1597"
"2","5K","2-5K","19040745-409","SHOCK STRUT EQUIPPED","f2-p01.png","1819"
"2","60","2-60","170-73810-903","TUBE* RIGID-CONTROL STEERING","f2-p01.png","2745"
"2","70","2-70","MS21919WDE4","CLAMP-LOOP TYPE","f2-p01.png","2836"
"2","100","2-100","MS21919WDE4","CLAMP-LOOP TYPE","f2-p02.png","957"
"2","110","2-110","AN3-5A","BOLT* HEXAGON,HEAD","f2-p02.png","1140"
"2","120","2-120","NAS1149F0332P","WASHER, FLAT-STÉÉL","f2-p02.png","1231"
"2","130","2-130","MS21919WDE4","CLOÜPékOOP TYPE","f2-p02.png","1414"
"2","140","2-140","MS21042-3","SELF-LOCKING","f2-p02.png","1597"
"2","150","2-150","NAS1149F0332P","WASHER, FLAT-STEEL","f2-p02.png","1689"
"2","160","2-160","AN3-4A","BOLT, HEXAGON HEAD","f2-p02.png","1780"
"2","170","2-170","MS21919","CLAMP-LOOP TYPE","f2-p02.png","1963"
"2","80","2-80","MS21042-3","NUT, SELF-LOCKING","f2-p02.png","684"
"2","90","2-90","NAS1149F0332P","WASHER, FLAT-STEEL","f2-p02.png","774"
"3","1","3-1","190-70453-401","NLG SHOCK STRUT, ASSY","f3-p00.png","642"
"3","1B","3-1B","190-70453-601","NLG $bCK*STRUT, ASSY","f3-p00.png","1390"
"3","1K","3-1K","190-70453-411","NLG SHOCK STRUT, ASSY","f3-p01.png","2034"
"3","3","3-3","190-70453-609","NLG SHOCK STRUT, ASSY","f3-p01.png","601"
"3","40","3-40","NASI149F0632P","WASHER* FLAT-STEEL","f3-p01.png","2523"
"3","100","3-100","PE22072L18","NUT, SELF-LOCKING, CASTELLATE[X","f3-p02.png","862"
"3","120A","3-120A","170-70443-001","BUSH!NG'","f3-p02.png","1329"
"3","140","3-140","MS24665-283","PIN, COTTER","f3-p02.png","1651"
"3","90","3-90","MS24665-376","PIN, COTTER","f3-p02.png","771"
"3","250","3-250","MS21042L3","NUT, SELF-LOCKING","f3-p03.png","696"
"3","260","3-260","NAS1149F0316P","WASHER, FLAT-STEEL","f3-p03.png","787"
"3","270","3-270","AN3-6A","BOLT, HEXAGON HEAD","f3-p03.png","879"
"3","270A","3-270A","AN3","BOLT, HEXAGON HEAD","f3-p03.png","1089"
"3","280","3-280","PNE104003-023","PLACARD, INTERNAL,ÜARKING","f3-p03.png","1305"
"3","290","3-290","04003-074","PLATE, INST*UCTtÖN","f3-p03.png","1395"
"3","292","3-292","190-70454-901","PLÄTE,ONSTRUCTION","f3-p03.png","1587"
"3","300","3-300","190-70457-901","INSTRUCTION","f3-p03.png","1728"
"4","1","4-1","190-70453-401","NLG SHOCK STRUT, ASSY","f4-p00.png","646"
"4","1B","4-1B","190-70453-601","NLG sl-}öOvs STRUT, ASSY","f4-p00.png","1395"
"4","1K","4-1K","190-70453-411","NLG SHOCK STRUT, ASSY","f4-p01.png","2038"
"4","4","4-4","190-70453-609","NLG SHOCK STRUT, ASSY","f4-p01.png","604"
"4","100","4-100","MS21042-4","NOT, SELF-LOCKING S'","f4-p02.png","1045"
"4","110","4-110","NAS1149F0432P","WASHER, FLAT-STEEP","f4-p02.png","1137"
"4","120","4-120","170-70454-001","SPACER*","f4-p02.png","1228"
"4","130","4-130","AN4-6A","BOLT, HÉXAG6h>4 HEAD","f4-p02.png","1320"
"4","140","4-140","MS24665-162","POTTER","f4-p02.png","1503"
"4","150","4-150","PE22072L12","\NUT, SELF-LOCKING, CASTELLATED","f4-p02.png","1594"
"4","160","4-160","PE24030K1123202","WASHER, FLAT","f4-p02.png","1686"
"4","170","4-170","190-70497-001","PIN DB ATT","f4-p02.png","1878"
"4","220","4-220","AN3H3A","","f4-p02.png","2610"
"4","240","4-240","NAS1149F0363P","WASHER, FLAT-STEEL","f4-p02.png","2793"
"4","70","4-70","NAS1149C0732R","FLAT","f4-p02.png","588"
"4","80","4-80","170-70529-001","SPACER, FRONT DOOR","f4-p02.png","771"
"4","90","4-90","170-73808-901","BRACKET, HARNESS","f4-p02.png","864"
"4","250","4-250","170-70498-003","PIN, UPLOCK","f4-p03.png","604"
"4","260","4-260","MS24665-69","PIN, COTTER","f4-p03.png","787"
"4","270","4-270","MS14145L3","NUT, SELF-LOCKING, CASTELLATED","f4-p03.png","880"
"4","280","4-280","AN3-11","BOLT, HEXAGON HEAD","f4-p03.png","972"
"4","290","4-290","170-70483-001","BUSHING, LOCKING","f4-p03.png","1153"
"4","300","4-300","170-70499-903","ROLLER, UPLOCK","f4-p03.png","1245"
"5","1","5-1","190-70453-401","NLG SHOCK STRUT, ASSY","f5-p00.png","651"
"5","1B","5-1B","190-70453-601","NLG sNöck STRUT, ASSY","f5-p00.png","1383"
"5","20","5-20","YS24666-Q04","PIN, COTTER","f5-p01.png","2349"
"5","5","5-5","190-70453-609","NLG SHOCK STRUT, ASSY","f5-p01.png","609"
"5","100","5-100","170-70441-001","SLEEVE","f5-p02.png","1192"
"5","110","5-110","170-73205-903","SENSORj.NGULAÅ FEEDBACK","f5-p02.png","1285"
"5","120","5-120","NAS1352-08-8P","SCREW, SOCKET HEAD,","f5-p02.png","1708"
"5","140","5-140","170-73400-4D3J","FEEDBACK ASSEMBLY","f5-p02.png","2034"
"5","60","5-60","NAS6305U15D","BOLT, HEXAGON HEAD,","f5-p02.png","594"
"5","70","5-70","MS24665-153",", PIN, COTTER","f5-p02.png","828"
"5","80","5-80","PE22072L5","NUT, SELF-LOCKING,","f5-p02.png","919"
"5","90","5-90","NAS1149C0563R","WASHER, FLAT","f5-p02.png","1011"
"5","175","5-175","PNE104001-002","WAX, HEAT SHRINKABLE","f5-p03.png","627"
"5","180","5-180","80-019-01","SENSOR, PROXIMITY","f5-p03.png","750"
"5","190","5-190","170-70532-003","BRACKET, RIGHT WOW","f5-p03.png","942"
"5","200","5-200","ABU-5A","BOLT, HEXAGON HEAD","f5-p03.png","1125"
"5","210","5-210","NAS1149F0432P","WASHER, FLAT-STEECA","f5-p03.png","1216"
"5","220","5-220","170-70436-001","SHIM, LAMINAiEÖ","f5-p03.png","1399"
"5","230","5-230","170-73205-903","SENSQR$ANGÜLAR FEEDBACK","f5-p03.png","1491"
"5","230A","5-230A","170-73207-901","SÉN90R, ANGULAR FEEDBACK","f5-p03.png","1701"
"5","240","5-240","NAS1352-08-8P","SCREW, SOCKET HEAD,","f5-p03.png","1915"
"5","250","5-250","NAS620-8","WASHER, FLAT","f5-p03.png","2056"
"5","260","5-260","170-73200403","FEEDBACK ASSEMBLY","f5-p03.png","2239"
"5","270","5-270","AN4-5A","BOLT, HEXAGON HEAD","f5-p03.png","2764"
"5","280","5-280","NAS1149F0432P","WASHER, FLAT-STEEL","f5-p03.png","2856"
"5","290","5-290","17040546-001","SUPPORT, LOWER LIGHT","f5-p04.png","612"
"5","290A","5-290A","190-70548-001","SUPPORT* LOWER LIGHT","f5-p04.png","784"
"5","300","5-300","AN4-5A","BOLT, HEXAGON HEAD","f5-p04.png","1018"
"5","310","5-310","NAS1149F0432P","WASHER, FLAT-STEEL'","f5-p04.png","1108"
"5","320","5-320","170-70456-001","SUPPORTI","f5-p04.png","1293"
"5","330","5-330","170-70545-001","LIGHT","f5-p04.png","1401"
"5","330A","5-330A","190-70545-001","","f5-p04.png","1575"
"5","340","5-340","170-70547-401","SUPPORT, HOSE/HARNESS","f5-p04.png","1717"
"5","341","5-341","PE13006-3","RUBBER* SHAPE","f5-p04.png","1807"
"6","1","6-1","190-70453-401","NLG SHOCK STRUT, ASSY","f6-p00.png","645"
"6","1B","6-1B","190-70453-601","NLG subck ASSY","f6-p00.png","1393"
"6","10","6-10","MS28889-2","VALVE, HIGH PRESSURE","f6-p01.png","1960"
"6","30","6-30","170-73008-901","BRACKET, HARNESS","f6-p01.png","2469"
"6","6","6-6","190-70453-609","NLG SHOCK STRUT, ASSY","f6-p01.png","604"
"6","110","6-110","170-70543-001","SUPPORT,","f6-p02.png","1228"
"6","120","6-120","MS21042L3","NYTJSELF-L-OCKING","f6-p02.png","1413"
"6","130","6-130","NAS1149F0316P","IANASWÉR, FLAT-STEEL","f6-p02.png","1503"
"6","140","6-140","170-73809-901","BRACKET, HARNESS","f6-p02.png","1687"
"6","150","6-150","MS21042L3","NOT, SELF-LOCKING","f6-p02.png","1869"
"6","70","6-70","AN4-6A","BOLT* HEXAGON HEAD","f6-p02.png","589"
"6","80","6-80","170-70454-001","SPACER, HARNESS","f6-p02.png","772"
"6","90","6-90","MS21042-4","NUT, SELF-LOCKING","f6-p02.png","955"
"7","1","7-1","190-70453-401","NLG SHOCK STRUT, ASSY","f7-p00.png","645"
"7","1B","7-1B","190-70453-601","NLG ASSY","f7-p00.png","1395"
"7","11","7-11","MS21","HELICAL COIL, INSERT","f7-p01.png","2493"
"7","1K","7-1K","190-70453-411","NLG SHOCK STRUT, ASSY","f7-p01.png","2037"
"7","20","7-20","MS20995C32","WIRE, LOCK","f7-p01.png","2727"
"7","25","7-25","PNE104001-002","WAX, HEAT SHRINKABLE","f7-p01.png","2818"
"7","100","7-100","190-70485-001","PISTON, RACK","f7-p02.png","1711"
"7","140","7-140","MS20995C32",", WIRE, LOCK","f7-p02.png","2652"
"7","145","7-145","PNE104001-002","WAX, HEAT SHRINKABLE","f7-p02.png","2743"
"7","30","7-30","NAS1351-6H24P","SCREW, SOCKET HEAD,","f7-p02.png","589"
"7","40","7-40","PE24030KS061402","WASHER FLAT","f7-p02.png","730"
"7","50","7-50","170-70457-003","SUPPORT, HOSE","f7-p02.png","1014"
"7","60","7-60","MS20995C32","WIRE, LOCK","f7-p02.png","1105"
"7","65","7-65","PNE104001-002","WAX, HEAT SHQINKABLE","f7-p02.png","1197"
"7","70","7-70","80-019-01","","f7-p02.png","1338"
"7","80","7-80","170-70531-003","KET, LEFT WOW","f7-p02.png","1530"
"7","90","7-90","170-70437-001","LAMINATED","f7-p02.png","1621"
"7","150","7-150","NAS135IC3H6","SCREW, SOCKET","f7-p03.png","606"
"7","160","7-160","M8791-1-011","PACKING, RETAINER","f7-p03.png","840"
"7","170","7-170","NAS1611-011","PACKING, PREFORMED","f7-p03.png","981"
"7","180","7-180","170-70480-001","CYLINDER, STEERING","f7-p03.png","1072"
"7","180A","7-180A","170-70480-003","CYLINDER, STEE}lNi6","f7-p03.png","1263"
"7","181","7-181","MS21209F1-15","HELICAL","f7-p03.png","1423"
"7","190","7-190","190-70430-401","LIGHT ASSY","f7-p03.png","1545"
"7","195","7-195","190-70432-001","SiJPPÖkT, TAXI LIGHT","f7-p03.png","1656"
"7","200","7-200","MS21209C0815P","iiNSERT, HELICAL COIL","f7-p03.png","1779"
"7","210","7-210","MS20995C32","WIRE, LOCK","f7-p03.png","1962"
"7","215","7-215","PNE104001-002K","WAX, HEAT SHRINKABLE","f7-p03.png","2053"
"7","240","7-240","MS20995C32","WIRE, LOCK","f7-p03.png","2619"
"7","245","7-245","PNE104001-002","WAX, HEAT SHRINKABLE","f7-p03.png","2730"
"7","250","7-250","80-019-01","SENSOR* PROXIMITY","f7-p03.png","2853"
"7","7","7-7","150NAS135IC3H6","SCREW, SOCKET","f7-p03.png","606"
"7","260","7-260","170-70444-001","SUPPORT","f7-p04.png","592"
"7","270","7-270","170-70431-001","TARGET, BRACKET","f7-p04.png","684"
"7","270A","7-270A","190-70434-001","TARGET, BRACKET","f7-p04.png","874"
"7","280","7-280","MS20995C32","WIRE, LOCK","f7-p04.png","1108"
"7","285","7-285","PNE104001-002","WAX, HEAT SHRINKABLE","f7-p04.png","1218"
"7","290","7-290","MS24677-15","HEAD,","f7-p04.png","1341"
"7","300","7-300","AN4-5A","HEXAGON HEAD","f7-p04.png","1573"
"7","310","7-310","NAS1149F0432P","WASHER, FLAT-STEEL","f7-p04.png","1665"
"7","320","7-320","190-70485-001","PISTON, RACK","f7-p04.png","1756"
"7","360","7-360","MS20995C32","WIRE* LOCK","f7-p04.png","2697"
"7","365","7-365","PNE104001-002","HEAT SHRINKABLE","f7-p04.png","2806"
"7","370","7-370","NAS1351C3H6","SCREW, SOCKET HEAD,SELF","f7-p05.png","607"
"7","380","7-380","M8791-L-011","PACKING, RETAINER","f7-p05.png","840"
"7","390","7-390","NAS1611-011","PACKING, PREFORMED","f7-p05.png","982"
"8","1","8-1","190-70453-401","NLG SHOCK STRUT, ASSY","f8-p00.png","649"
"8","1B","8-1B","190-70453-601","NLG skÖc$ ASSY","f8-p00.png","1399"
"8","1K","8-1K","190-70453-411","NLG SHOCK STRUT, ASSY","f8-p01.png","1990"
"8","8","8-8","IF190-70453-609","NLG SHOCK STRUT, ASSY","f8-p01.png","607"
"8","110","8-110","AN3C12","BOLT,","f8-p02.png","1189"
"8","147","8-147","PNE203002-007","WASHER","f8-p02.png","2545"
"8","150","8-150","190-70468401","TORQUE LINK UPPER ASSEMBLY","f8-p02.png","2686"
"8","8","8-8","190-70468-403","TORQUE LINK UPPER ASSEMBLY","f8-p03.png","606"
"8","191A","8-191A","170-70525-303","TARGET, WOW","f8-p04.png","588"
"8","200","8-200","MS15001-1","FITTING, LUBRICATION","f8-p04.png","730"
"8","200A","8-200A","AS15001-1P","FITTING, LUBRICATION","f8-p04.png","939"
"8","220","8-220","170-70523-001","BUSHING,","f8-p04.png","1204"
"8","221","8-221","170-70523-301","PLANGED","f8-p04.png","1413"
"8","222","8-222","170-70523-303","x. BUSHING, FLANGED","f8-p04.png","1554"
"8","230","8-230","170-70524-001","BUSHING, FLANGED","f8-p04.png","1678"
"8","232","8-232","170-7052","BUSHING, FLANGED","f8-p04.png","2028"
"8","250","8-250","MS24665-134","PIN, COTTER","f8-p04.png","2577"
"8","260","8-260","MS14145L5","NUT, SELF-LOCKING, CASTELLATED","f8-p04.png","2668"
"8","270","8-270","NAS1149F0532P","WASHER, FLAT-STEEL","f8-p04.png","2760"
"8","280","8-280","NAS6205-18D","BOLT, HEXAGON HEAD,","f8-p05.png","604"
"8","290","8-290","170-70528-001","WASHER, ADJUSTABLE","f8-p05.png","838"
"8","300","8-300","190-70466-401","TORQUE LINK ASSY, LOWER","f8-p05.png","979"
"8","300A","8-300A","190-70466-403","TORQUE LINK ASSY, LOWER -r","f8-p05.png","1188"
"8","305","8-305","190-70482-001","TORQUE LINK SLOWER","f8-p05.png","1329"
"8","305A","8-305A","190-70482-003","TORQUE COWER","f8-p05.png","1470"
"8","305B","8-305B","190-70482-005","TORQUE LINK, LOWER","f8-p05.png","1612"
"8","307","8-307","MS21209F4-10P","'IB(USE ONLY FOR REPAIR)","f8-p05.png","1753"
"8","310","8-310","170-70524-001","BUSHENG, FLANGED","f8-p05.png","1876"
"8","311","8-311","170-70524-301","BUSHING, FLANGED","f8-p05.png","2086"
"8","312","8-312","170-705","BUSHING, FLANGED","f8-p05.png","2227"
"8","322","8-322","170-70523-303","BUSHING, FLANGED","f8-p05.png","2703"
"8","330","8-330","190-70522-001","BUSHING: FLANGED","f8-p05.png","2826"
"8","8","8-8","280NAS6205-18D","BOLT, HEXAGON HEAD,","f8-p05.png","604"
"8","30","8-30","PNE203002-016","WASHER","f8-p06.png","2461"
"8","331","8-331","190-70522-301","BUSHING, FLANGED","f8-p06.png","601"
"8","332","8-332","190-70522-303","BUSHING* FLANGED","f8-p06.png","724"
"8","340","8-340","MS15001-1","FfTTlNG, LUBRICATION","f8-p06.png","867"
"8","340A","8-340A","AS15001-1P","FITTING, LUBRICATION","f8-p06.png","1057"
"8","360","8-360","PNE203002-008","WASHERÄ","f8-p06.png","1359"
"8","361","8-361","PNE203002-009","S (REFITHICKNESS OF 1.90 mm)","f8-p06.png","1482"
"8","362","8-362","PNE203002-010","VWASHER","f8-p06.png","1641"
"8","363","8-363","PNE203002-011","WASHER","f8-p06.png","1782"
"8","364","8-364","PNE203002","WASHER","f8-p06.png","1924"
"8","372","8-372","PNE203002-020","WASHER","f8-p07.png","621"
"9","1","9-1","190-70453-401","NLG SHOCK STRUT, ASSY","f9-p00.png","642"
"9","1B","9-1B","190-70453-601","NLG STRUT, ASSY","f9-p00.png","1390"
"9","3E","9-3E","190-","NLG SHOCK STRUT, ASSY","f9-p00.png","2479"
"9","1K","9-1K","190-70453-411","NLG SHOCK STRUT, ASSY","f9-p01.png","2014"
"9","40","9-40","NASJFF49C0332R","WASHERI FLAT","f9-p01.png","2523"
"9","50","9-50","NAS6303U18D","BOLT, HEXAGON HEAD,","f9-p01.png","2614"
"9","60","9-60","MS20995C32","WIRE, LOCK","f9-p01.png","2848"
"9","9","9-9","IF190-70453-609","NLG SHOCK STRUT, ASSY","f9-p01.png","600"
"9","110","9-110","AN565A1032H5","SCRÉW; HÉ*ÅGON SOCKET","f9-p02.png","1365"
"9","115","9-115","MS20995C32","WINE, LOCK","f9-p02.png","1548"
"9","116","9-116","PNE104001","HEAT SHRINKABLE","f9-p02.png","1657"
"9","200","9-200","170-70517-001","PIN, UPPER CAM","f9-p03.png","601"
"9","210","9-210","190-70499-901","CAM, UPPER","f9-p03.png","783"
"9","210A","9-210A","190-70471-001","CAMI UPPER","f9-p03.png","993"
"9","220","9-220","170-70487-001","BOLT, DAMPING VALVE","f9-p03.png","1117"
"9","230","9-230","MS24665-153","PIN, COTTER","f9-p03.png","1300"
"9","240","9-240","PE22078L4","LOCKING","f9-p03.png","1390"
"9","250","9-250","NAS1149C0432R","WASHER;'FI-AP","f9-p03.png","1482"
"9","260","9-260","190-70489-001","QESTÄICTOR, DAMPING VALVE","f9-p03.png","1666"
"9","270","9-270","17040488-001","VS'PäENG, DAMPING VALVE","f9-p03.png","1756"
"9","280","9-280","190-70470-001","CAMI LOWER","f9-p03.png","1849"
"9","9","9-9","200170-70517-001","PIN, UPPER CAM","f9-p03.png","601"
"9","343","9-343","PNE301063-003","PACKING BACKUP, RETAINER","f9-p05.png","618"
"9","350","9-350","M83461-1-244","PACKING} PREFORMED","f9-p05.png","742"
"9","355","9-355","M83461-1-244","PACKING* PREFORMEb","f9-p05.png","1174"
"9","356","9-356","M83461-1","PACKING, PREFORMED","f9-p05.png","1384"
"9","360","9-360","190-70486-001","PISTON, ÉCdATlNG","f9-p05.png","1557"
"9","380","9-380","27PD0274308-079","HP BEARING, RING","f9-p05.png","1840"
"9","390","9-390","190-70465-401","TUBE ASSEMBLY, SLIDING","f9-p05.png","1981"
"9","390A","9-390A","190-70465403","TUBE ASSEMBLY, SLIDING","f9-p05.png","2241"
"9","395","9-395","190-70464-001","TUBE, SLIDING","f9-p06.png","597"
"9","400","9-400","17040518-401","SUPPORT, GROUND POINT","f9-p06.png","721"
"9","405","9-405","170-70518-001","SUPPORT, GROUND POINT","f9-p06.png","831"
"9","410","9-410","MS21209F1-15P","INSERT, HELICAL COIL*","f9-p06.png","954"
"9","420","9-420","MS20995C32","WIRE, LOCK","f9-p06.png","1137"
"9","425","9-425","PNE104001-002","WAX, HEATSHRlNkÅBLE","f9-p06.png","1246"
"9","430","9-430","NAS6210C20H","BOI$;+iEkÅGON HEAD,","f9-p06.png","1369"
"9","440","9-440","NAS1149F1063P","FLAT-STEEL","f9-p06.png","1512"
"9","450","9-450","190-70520-001","UT, BARREL","f9-p06.png","1603"
"9","460","9-460","190-70509-003","BUSHING, LOCK","f9-p06.png","1786"
"9","470A","9-470A","MS24665-69","PIN, COTTER","f9-p06.png","2560"
"9","480","9-480","MS14145L3","NUT, SELF-LOCKING,","f9-p06.png","2685"
"9","490","9-490","NAS1149F0332P","WASHER, FLAT-STEEL","f9-p06.png","2826"
"9","511A","9-511A","190-70567-301","BUSHING","f9-p07.png","1116"
"9","9","9-9","NAS1993-11DT","FLAT","f9-p07.png","598"
"9","542","9-542","190-70460-303","AXLE, WHEEL","f9-p08.png","793"
"9","542A","9-542A","190-70460-309","AXLE, WHEEL","f9-p08.png","1035"
"9","543","9-543","190-70460-305","AXLE,","f9-p08.png","1225"
"9","543A","9-543A","190-70460-311","vyHEEL","f9-p08.png","1467"
"9","545","9-545","170-70151-303","G•. BUSHING","f9-p08.png","1659"
"9","54IA","9-54IA","190-70460-307","AXLE, WHEEL","f9-p08.png","585"
"9","550","9-550","PNE104003-029","PLATE, NAME","f9-p08.png","1782"
"9","560","9-560","PNE104003-024SE","PLATE, IDENTIFICATION","f9-p08.png","1875"
"9","570","9-570","190-70510-361","BUSHING","f9-p08.png","1983"
